{
  "ALA": [60.856, 35.716, -57.613, 60.023, 36.712, -56.941, 58.784, 37.067, -57.781, 60.870, 37.950, -56.621, 58.868, 37.212, -59.005],
  "ARG": [43.5880000000000,	52.1100000000000,	-54.6120000000000,42.3810000000000,	52.5640000000000,	-55.3280000000000,41.8470000000000,	53.9240000000000,	-54.8600000000000, 41.3280000000000,	51.4410000000000,	-55.2870000000000, 41.1750000000000,	54.6120000000000,	-55.6160000000000,
40.1680000000000,	51.7110000000000,	-56.2600000000000,
39.4430000000000,	50.4230000000000,	-56.6720000000000,
38.3770000000000,	50.7150000000000,	-57.6500000000000,
38.0710000000000,	48.5930000000000,	-58.5080000000000,
36.9920000000000,	50.2880000000000,	-59.4070000000000,
37.8300000000000,	49.8650000000000,	-58.5050000000000],
  "ASN": [44.1030000000000,	56.0350000000000,	-57.0720000000000,
44.3670000000000,	55.3740000000000,	-58.3590000000000,
45.8630000000000,	55.2460000000000,	-58.7260000000000,
43.4780000000000,	55.9900000000000,	-59.4610000000000,
46.2210000000000,	55.1520000000000,	-59.9010000000000,
42.0240000000000,	55.5580000000000,	-59.3720000000000,
41.1220000000000,	56.3260000000000,	-59.9350000000000,
41.6730000000000,	54.5170000000000,	-58.8410000000000],
  "ASP": [51.264, 40.237, -44.242, 52.612, 40.779, -44.438, 52.720, 41.556, -45.757, 53.655,	39.652,	-44.399, 53.333, 42.622,
    -45.792, 53.765,	38.984, -43.030, 53.899,	39.727,	-42.028, 53.754, 37.743,	-42.991],
  "CYS": [47.3950000000000,	48.4170000000000,	-57.0210000000000,
46.5970000000000,	49.6270000000000,	-57.2060000000000,
46.0730000000000,	50.1300000000000,	-55.8550000000000,
45.4530000000000,	49.3290000000000,	-58.1870000000000,
45.1990000000000,	49.5080000000000,	-55.2540000000000,
44.5270000000000,	50.8600000000000,	-58.5220000000000],
  "GLN": [42.1920000000000,	54.3520000000000,	-53.6450000000000,
41.7730000000000,	55.6450000000000,	-53.0870000000000,
42.4230000000000,	56.8560000000000,	-53.7900000000000,
42.0720000000000,	55.6230000000000,	-51.5810000000000,
41.8660000000000,	57.9490000000000,	-53.7690000000000,
41.2190000000000,	56.6210000000000,	-50.7850000000000,
41.3960000000000,	56.4280000000000,	-49.2810000000000,
40.3790000000000,	56.6630000000000,	-48.4830000000000,
42.4430000000000,	56.0520000000000,	-48.7850000000000],
  "GLU": [57.6180000000000,	37.5840000000000,	-52.1530000000000,
57.8140000000000,	36.1340000000000,	-52.2500000000000,
56.4420000000000,	35.4340000000000,	-52.2560000000000,
58.7210000000000,	35.6240000000000,	-51.1230000000000,
55.5530000000000,	35.8830000000000,	-51.5290000000000,
60.1080000000000,	36.2850000000000,	-51.2030000000000,
61.1740000000000,	35.5920000000000,	-50.3450000000000,
62.3650000000000,	35.8350000000000,	-50.6470000000000,
60.8000000000000,	34.8250000000000,	-49.4320000000000],
  "GLY": [44.7830000000000,	56.1810000000000,	-42.7400000000000,
43.7750000000000,	55.4610000000000,	-41.9300000000000,
44.3290000000000,	54.2710000000000,	-41.1290000000000,
45.5420000000000,	54.0630000000000,	-41.0690000000000],
  "HIS": [-1.09600000000000,	33.0140000000000,	-49.0090000000000,
-0.200000000000000,	33.9310000000000,	-48.2920000000000,
0.929000000000000,	33.1830000000000,	-47.5500000000000,
-1.00800000000000,	34.9210000000000,	-47.4240000000000,
1.05500000000000,	33.2580000000000,	-46.3340000000000,
-2.06900000000000,	35.7190000000000,	-48.1610000000000,
-1.91400000000000,	36.9340000000000,	-48.7770000000000,
-3.40900000000000,	35.4130000000000,	-48.2240000000000,
-4.04000000000000,	36.4140000000000,	-48.8570000000000,
-3.17400000000000,	37.3750000000000,	-49.2300000000000],
  "ILE": [50.2200000000000,	46.6210000000000,	-57.6080000000000,
49.3700000000000,	47.0680000000000,	-56.5060000000000,
48.7190000000000,	48.4030000000000,	-56.8730000000000,
50.1820000000000,	47.1410000000000,	-55.2000000000000,
49.4090000000000,	49.4120000000000,	-57.0160000000000,
50.9280000000000,	45.8200000000000,	-54.8830000000000,
49.2620000000000,	47.5520000000000,	-54.0390000000000,
50.0660000000000,	44.5480000000000,	-54.8570000000000],
  "LYS": [51.1640000000000, 44.1130000000000,	-59.5540000000000,
50.7630000000000,	45.5180000000000,	-59.7080000000000,
49.7660000000000,	45.8900000000000,	-58.6160000000000,
50.1570000000000,	45.7350000000000,	-61.0960000000000,
48.5910000000000,	45.5510000000000,	-58.6970000000000,
51.2050000000000,	45.7410000000000,	-62.2120000000000,
50.4790000000000,	45.9210000000000,	-63.5470000000000,
51.4500000000000,	45.8300000000000,	-64.7210000000000,
50.6970000000000,	45.7040000000000,	-65.9900000000000],
  "MET": [65.1070000000000,	31.3680000000000,	-56.2560000000000,
63.6320000000000,	31.4250000000000,	-56.1330000000000,
63.1260000000000,	32.5900000000000,	-56.9720000000000,
63.2270000000000,	31.5670000000000,	-54.6610000000000,
63.8510000000000,	33.5710000000000,	-57.0930000000000,
63.4740000000000,	30.2530000000000,	-53.9080000000000,
63.5010000000000,	30.4550000000000,	-52.1170000000000,
63.5320000000000,	28.7230000000000,	-51.5800000000000],
  "PHE": [57.1140000000000,	40.5430000000000,	-54.2150000000000,
56.8450000000000,	39.7460000000000,	-53.0180000000000,
57.3520000000000,	38.3160000000000,	-53.2300000000000,
55.3360000000000,	39.7380000000000,	-52.7210000000000,
57.4750000000000,	37.8560000000000,	-54.3670000000000,
54.7090000000000,	41.1140000000000,	-52.5980000000000,
54.6910000000000,	41.7820000000000,	-51.3580000000000,
54.1500000000000,	41.7280000000000,	-53.7340000000000,
54.1240000000000,	43.0670000000000,	-51.2610000000000,
53.5820000000000,	43.0070000000000,	-53.6360000000000,
53.5810000000000,	43.6810000000000,	-52.4040000000000],
  "PRO": [56.2180000000000,	34.3530000000000,	-53.0290000000000,
54.9210000000000,	33.6570000000000,	-53.0550000000000,
54.4420000000000,	33.1670000000000,	-51.6750000000000,
55.1160000000000,	32.4870000000000,	-54.0250000000000,
53.2460000000000,	33.1580000000000,	-51.3930000000000,
56.2190000000000,	32.9780000000000,	-54.9630000000000,
57.1100000000000,	33.8060000000000,	-54.0410000000000],
  "SER": [56.2290000000000,	39.6020000000000,	-59.0790000000000,
56.0150000000000,	41.0210000000000,	-59.3970000000000,
54.5280000000000,	41.3060000000000,	-59.6220000000000,
56.8150000000000,	41.4340000000000,	-60.6390000000000,
54.0130000000000,	41.0590000000000,	-60.7120000000000,
58.2070000000000,	41.3320000000000,	-60.4030000000000],
  "THR": [54.1310000000000, 48.6190000000000,-59.2890000000000,
54.6200000000000,	47.2370000000000,	-59.3760000000000,
55.5520000000000,	46.9630000000000,	-58.1990000000000,
55.3390000000000,	46.9530000000000,	-60.7000000000000,
56.5190000000000,	47.6950000000000,	-57.9940000000000,
55.5570000000000,	45.4560000000000,	-60.9190000000000,
54.5740000000000,	47.4120000000000,	-61.7930000000000],
  "TRP": [38.1920000000000,	39.0360000000000,	-51.8090000000000,
39.0520000000000,	39.6040000000000,	-50.7690000000000,
40.0670000000000,	38.5610000000000,	-50.2930000000000,
38.1820000000000,	40.0910000000000,	-49.6060000000000,
39.6840000000000,	37.4600000000000,	-49.9040000000000,
37.4230000000000,	41.3560000000000,	-49.8630000000000,
36.0920000000000,	41.4670000000000,	-50.0890000000000,
37.9390000000000,	42.7190000000000,	-49.8480000000000,
36.8420000000000,	43.6170000000000,	-50.0080000000000,
39.2260000000000,	43.2820000000000,	-49.6830000000000,
35.7460000000000,	42.8010000000000,	-50.1990000000000,
38.2880000000000,	45.5310000000000,	-49.7020000000000,
37.0030000000000,	45.0060000000000,	-49.9260000000000,
39.4010000000000,	44.6780000000000,	-49.6190000000000],